Tên danh mục,Link
Nhà Sách Tiki,https://tiki.vn/nha-sach-tiki/c8322
Nhà Cửa - Đời Sống,https://tiki.vn/nha-cua-doi-song/c1883
Điện Thoại - Máy Tính Bảng,https://tiki.vn/dien-thoai-may-tinh-bang/c1789
Đồ Chơi - Mẹ & Bé,https://tiki.vn/do-choi-me-be/c2549
Thiết Bị Số - Phụ Kiện Số,https://tiki.vn/thiet-bi-kts-phu-kien-so/c1815
Điện Gia Dụng,https://tiki.vn/dien-gia-dung/c1882
Làm Đẹp - Sức Khỏe,https://tiki.vn/lam-dep-suc-khoe/c1520
Ô Tô - Xe Máy - Xe Đạp,https://tiki.vn/o-to-xe-may-xe-dap/c8594
Thời trang nữ,https://tiki.vn/thoi-trang-nu/c931
Bách Hóa Online,https://tiki.vn/bach-hoa-online/c4384
Thể Thao - Dã Ngoại,https://tiki.vn/the-thao-da-ngoai/c1975
Thời trang nam,https://tiki.vn/thoi-trang-nam/c915
Cross Border - Hàng Quốc Tế,https://tiki.vn/cross-border-hang-quoc-te/c17166
Laptop - Máy Vi Tính - Linh kiện,https://tiki.vn/laptop-may-vi-tinh-linh-kien/c1846
Giày - Dép nam,https://tiki.vn/giay-dep-nam/c1686
Điện Tử - Điện Lạnh,https://tiki.vn/dien-tu-dien-lanh/c4221
Giày - Dép nữ,https://tiki.vn/giay-dep-nu/c1703
Máy Ảnh - Máy Quay Phim,https://tiki.vn/may-anh/c1801
Phụ kiện thời trang,https://tiki.vn/phu-kien-thoi-trang/c27498
NGON,https://tiki.vn/ngon/c44792
Đồng hồ và Trang sức,https://tiki.vn/dong-ho-va-trang-suc/c8371
Balo và Vali,https://tiki.vn/balo-va-vali/c6000
Voucher - Dịch vụ,https://tiki.vn/voucher-dich-vu/c11312
Túi thời trang nữ,https://tiki.vn/tui-vi-nu/c976
Túi thời trang nam,https://tiki.vn/tui-thoi-trang-nam/c27616
Chăm sóc nhà cửa,https://tiki.vn/cham-soc-nha-cua/c15078
